iter	RMSE
0	0.9076505858
500	0.4536068874
999	0.3909595255
